,Revenue_NZD,Profit_NZD,Orders,Margin,Index,Product Name
6,10097509.700000001,3709307.6,508,0.3673487533267732,7,Product 7
0,9446504.200000001,3504595.733,485,0.37099393159641,1,Product 1
1,8834787.5,3316352.466,446,0.37537433311214335,2,Product 2
10,7479464.600000001,2834238.8910000003,400,0.378936065958518,11,Product 11
4,6689300.100000001,2589976.321,344,0.38718195958946433,5,Product 5
12,3925885.1,1369812.588,218,0.3489181555517251,13,Product 13
8,3401911.6,1315129.935,184,0.3865855700071689,9,Product 9
11,1444057.7,515548.71900000004,68,0.3570139330305154,12,Product 12
9,1330794.2,521412.89400000003,73,0.3918058058864399,10,Product 10
5,1271231.2,453200.462,61,0.35650514398954336,6,Product 6
13,1233811.7,471564.559,61,0.3822013999380943,14,Product 14
2,1194650.2,425108.233,68,0.3558432694356892,3,Product 3
3,927179.5,384905.352,53,0.415135744480977,4,Product 4
7,872862.6000000001,293560.031,57,0.33631871843288963,8,Product 8
