,Revenue_NZD,Orders,Customer Index,Customer Names,Revenue_Share,Cumulative_Share,Position
11,1905245.5,94,12,Medline,0.03276435325011346,0.03276435325011346,1
49,1406638.2,64,50,Sundial,0.02418984371300378,0.05695419696311724,2
17,1389781.0,73,18,Eminence Corp,0.02389995180374179,0.08085414876685904,3
21,1357761.7,58,22,Capweld,0.023349318483247734,0.10420346725010676,4
2,1349185.7,69,3,"Elorac, Corp",0.023201837702701095,0.12740530495280786,5
12,1343571.1,62,13,Ole Group,0.02310528387918697,0.15051058883199483,6
48,1326626.8,60,49,Bare,0.022813894118247552,0.1733244829502424,7
20,1316878.3,67,21,Ohio,0.022646249949735554,0.19597073289997793,8
31,1305655.8,60,32,OHTA'S Corp,0.0224532575220671,0.21842399042204502,9
10,1295378.0,64,11,Apollo Ltd,0.022276511024130734,0.24070050144617575,10
8,1293890.6,71,9,Ei,0.022250932326254677,0.2629514337724304,11
46,1259452.6,69,47,Niconovum Corp,0.021658704816872078,0.2846101385893025,12
16,1255948.5,67,17,Pure Group,0.021598445091695596,0.3062085836809981,13
35,1251539.9000000001,66,36,O.E. Ltd,0.021522630752945842,0.327731214433944,14
40,1240659.1,64,41,Weimei Corp,0.02133551451262729,0.34906672894657126,15
39,1231513.6,64,40,Select,0.021178240086497477,0.37024496903306875,16
23,1229235.6,63,24,Burt's Corp,0.021139065504164774,0.3913840345372335,17
47,1216813.8,68,48,"Fenwal, Corp",0.020925448811091752,0.4123094833483253,18
42,1211299.7,61,43,"Exact-Rx, Corp",0.020830623277974653,0.4331401066262999,19
22,1206140.7,66,23,E. Ltd,0.020741904370927065,0.45388201099722697,20
32,1203313.3,62,33,Trigen,0.020693281801090598,0.47457529279831756,21
5,1201497.6,59,6,"PEDIFIX, Corp",0.020662057354584238,0.4952373501529018,22
15,1184017.3,53,16,"3LAB, Ltd",0.020361450044860657,0.5155988001977625,23
44,1181558.4000000001,55,45,Nipro,0.020319164539813302,0.5359179647375758,24
13,1168553.7,59,14,Linde,0.020095523762437496,0.5560134885000133,25
3,1164949.1,62,4,ETUDE Ltd,0.02003353574686399,0.5760470242468773,26
14,1154745.0,61,15,Rochester Ltd,0.019858056661885445,0.5959050809087627,27
43,1136762.2,57,44,Winthrop,0.01954880790017671,0.6154538888089394,28
38,1131609.9000000001,60,39,Victory Ltd,0.019460204212488928,0.6349140930214283,29
9,1127717.2,63,10,21st Ltd,0.019393261764443923,0.6543073547858722,30
4,1127543.0,60,5,Procter Corp,0.01939026606108907,0.6736976208469613,31
28,1118484.6,59,29,"Apotheca, Ltd",0.019234489486636686,0.6929321103335979,32
41,1094116.7,61,42,Llorens Ltd,0.018815436675036584,0.7117475470086345,33
33,1092401.5,63,34,OUR Ltd,0.018785940518927256,0.7305334875275618,34
37,1080401.8,57,38,Ascend Ltd,0.018579582645521762,0.7491130701730835,35
24,1077547.6,60,25,Prasco Group,0.018530499198246085,0.7676435693713296,36
0,1069634.9000000001,62,1,Avon Corp,0.01839442513431985,0.7860379945056495,37
19,1068181.0,69,20,Pacific Ltd,0.0183694225332428,0.8044074170388923,38
27,1062130.9,53,28,Dharma Ltd,0.018265379451341535,0.8226727964902338,39
29,1054687.2,57,30,S.S.S. Group,0.018137370742601445,0.8408101672328353,40
26,1008504.1,53,27,Wuxi Group,0.01734316369548583,0.8581533309283211,41
36,981275.3,48,37,AuroMedics Corp,0.01687491221725025,0.8750282431455714,42
30,970635.7000000001,50,31,Uriel Group,0.016691943873884577,0.891720187019456,43
45,941524.2000000001,61,46,U.S. Ltd,0.016191315755544614,0.9079115027750007,44
7,941383.5,53,8,Medsep Group,0.01618889614898877,0.9241003989239894,45
6,936224.5,42,7,New Ltd,0.016100177241941183,0.9402005761659307,46
18,926154.4,48,19,Qualitest,0.015927002544158683,0.9561275787100894,47
1,920814.5,44,2,WakeFern,0.01583517271439644,0.9719627514244857,48
34,892440.0,54,35,Amylin Group,0.015347218725634704,0.9873099701501205,49
25,737924.6,51,26,Mylan Corp,0.012690029849879542,1.0,50
