Page,ID,Visual,Title,Fields,X,Y,Width,Height,Configuration
Executive Overview,K1,Card,Total Revenue,Value: [Total Revenue],214,196,226,94,Finance values in NZD; counts/days/% keep explicit units. Cards do not support entity drill-through.
Executive Overview,K2,Card,Total Profit,Value: [Total Profit],458,196,226,94,Finance values in NZD; counts/days/% keep explicit units. Cards do not support entity drill-through.
Executive Overview,K3,Card,Profit Margin %,Value: [Profit Margin %],702,196,226,94,Finance values in NZD; counts/days/% keep explicit units. Cards do not support entity drill-through.
Executive Overview,K4,Card,Total Orders,Value: [Total Orders],946,196,226,94,Finance values in NZD; counts/days/% keep explicit units. Cards do not support entity drill-through.
Executive Overview,K5,Card,Average Order Value,Value: [Average Order Value],1190,196,226,94,Finance values in NZD; counts/days/% keep explicit units. Cards do not support entity drill-through.
Product Analysis,K1,Card,Total Revenue,Value: [Total Revenue],214,196,226,94,Finance values in NZD; counts/days/% keep explicit units. Cards do not support entity drill-through.
Product Analysis,K2,Card,Total Profit,Value: [Total Profit],458,196,226,94,Finance values in NZD; counts/days/% keep explicit units. Cards do not support entity drill-through.
Product Analysis,K3,Card,Profit Margin %,Value: [Profit Margin %],702,196,226,94,Finance values in NZD; counts/days/% keep explicit units. Cards do not support entity drill-through.
Product Analysis,K4,Card,Total Quantity,Value: [Total Quantity],946,196,226,94,Finance values in NZD; counts/days/% keep explicit units. Cards do not support entity drill-through.
Product Analysis,K5,Card,Average Selling Price,Value: [Average Selling Price],1190,196,226,94,Finance values in NZD; counts/days/% keep explicit units. Cards do not support entity drill-through.
Customer Analysis,K1,Card,Total Revenue,Value: [Total Revenue],214,196,226,94,Finance values in NZD; counts/days/% keep explicit units. Cards do not support entity drill-through.
Customer Analysis,K2,Card,Total Orders,Value: [Total Orders],458,196,226,94,Finance values in NZD; counts/days/% keep explicit units. Cards do not support entity drill-through.
Customer Analysis,K3,Card,Average Order Value,Value: [Average Order Value],702,196,226,94,Finance values in NZD; counts/days/% keep explicit units. Cards do not support entity drill-through.
Customer Analysis,K4,Card,Top 5 Customers Share of Revenue,Value: [Top 5 Customers Share of Revenue],946,196,226,94,Finance values in NZD; counts/days/% keep explicit units. Cards do not support entity drill-through.
Customer Analysis,K5,Card,Profit Margin %,Value: [Profit Margin %],1190,196,226,94,Finance values in NZD; counts/days/% keep explicit units. Cards do not support entity drill-through.
Geographic Analysis,K1,Card,Total Revenue,Value: [Total Revenue],214,196,226,94,Finance values in NZD; counts/days/% keep explicit units. Cards do not support entity drill-through.
Geographic Analysis,K2,Card,Total Profit,Value: [Total Profit],458,196,226,94,Finance values in NZD; counts/days/% keep explicit units. Cards do not support entity drill-through.
Geographic Analysis,K3,Card,Profit Margin %,Value: [Profit Margin %],702,196,226,94,Finance values in NZD; counts/days/% keep explicit units. Cards do not support entity drill-through.
Geographic Analysis,K4,Card,Total Orders,Value: [Total Orders],946,196,226,94,Finance values in NZD; counts/days/% keep explicit units. Cards do not support entity drill-through.
Geographic Analysis,K5,Card,Total Quantity,Value: [Total Quantity],1190,196,226,94,Finance values in NZD; counts/days/% keep explicit units. Cards do not support entity drill-through.
Operations,K1,Card,Total Orders,Value: [Total Orders],214,196,226,94,Finance values in NZD; counts/days/% keep explicit units. Cards do not support entity drill-through.
Operations,K2,Card,Average Lead Time,Value: [Average Lead Time],458,196,226,94,Finance values in NZD; counts/days/% keep explicit units. Cards do not support entity drill-through.
Operations,K3,Card,Orders Shipped Late,Value: [Orders Shipped Late],702,196,226,94,Finance values in NZD; counts/days/% keep explicit units. Cards do not support entity drill-through.
Operations,K4,Card,Late Shipment %,Value: [Late Shipment %],946,196,226,94,Finance values in NZD; counts/days/% keep explicit units. Cards do not support entity drill-through.
Operations,K5,Card,Total Quantity,Value: [Total Quantity],1190,196,226,94,Finance values in NZD; counts/days/% keep explicit units. Cards do not support entity drill-through.
Details,K1,Card,Total Orders,Value: [Total Orders],214,196,226,94,Finance values in NZD; counts/days/% keep explicit units. Cards do not support entity drill-through.
Details,K2,Card,Total Revenue,Value: [Total Revenue],458,196,226,94,Finance values in NZD; counts/days/% keep explicit units. Cards do not support entity drill-through.
Details,K3,Card,Total Cost,Value: [Total Cost],702,196,226,94,Finance values in NZD; counts/days/% keep explicit units. Cards do not support entity drill-through.
Details,K4,Card,Total Profit,Value: [Total Profit],946,196,226,94,Finance values in NZD; counts/days/% keep explicit units. Cards do not support entity drill-through.
Details,K5,Card,Average Lead Time,Value: [Average Lead Time],1190,196,226,94,Finance values in NZD; counts/days/% keep explicit units. Cards do not support entity drill-through.
Executive Overview,E1,Line chart,Monthly revenue and profit — NZD,"X: DimDate[Year Month]; Y: [Total Revenue], [Total Profit]; tooltip: [Total Orders], [Profit Margin %]",214,312,790,256,Sort Year Month ascending. Revenue teal; profit blue. Default interaction: filter.
Executive Overview,E2,Donut,Revenue by channel — NZD,Legend: DimChannel[Channel]; Values: [Total Revenue],1022,312,394,256,Whole ring context; labels show channel and %. Channel colors fixed across pages.
Executive Overview,E3,Clustered column,Revenue by year — NZD,X: DimDate[Year]; Y: [Total Revenue],214,588,592,266,Label 2019 partial in title/footer. Sort year ascending.
Executive Overview,E4,Matrix,Comparable annual performance,"Rows: DimDate[Year]; Values: [Revenue Through Comparable Cutoff], [Revenue PY Through Comparable Cutoff], [Revenue Comparable YoY %]",824,588,592,266,2019 uses Jan 1-Dec 12; other complete years use calendar year. Turn off grand total because measures need one year.
Product Analysis,P1,Matrix,Product financial performance — NZD,"Rows: DimProduct[Product Name]; Values: [Total Revenue], [Total Profit], [Profit Margin %], [Total Quantity]",214,312,700,256,Revenue DESC; data bars on revenue; diverging colors on margin. All selected products; no top filter.
Product Analysis,P2,Scatter,Quantity vs margin,X: [Total Quantity]; Y: [Profit Margin %]; Size: [Total Revenue]; Details/Values: DimProduct[Product Name],932,312,484,256,"Each product must be a separate bubble; verify selected point count. Tooltip revenue, profit, ASP. Do not draw unsupported high/low quadrants."
Product Analysis,P3,Clustered bar,Top 5 products by revenue — NZD,"Y: DimProduct[Product Name]; X: [Total Revenue]; tooltip: [Total Profit], [Profit Margin %]",214,588,592,266,Visual filter: Product Position <=5 AND is not blank. Revenue DESC. Never native Top N + rank universe.
Product Analysis,P4,Clustered bar,Bottom 5 products by revenue — NZD,"Y: DimProduct[Product Name]; X: [Total Revenue]; tooltip: [Total Profit], [Profit Margin %]",824,588,592,266,Visual filter: Product Bottom Position <=5 AND is not blank. Revenue ASC. Exactly five where available.
Customer Analysis,C1,Clustered bar,Top 10 customers — NZD,"Y: DimCustomer[Customer Names]; X: [Total Revenue]; tooltip: [Total Orders], [Average Order Value], [Customer Position]",214,312,592,256,Customer Position <=10 AND not blank. Sort revenue DESC. Card concentration must not receive this visual filter.
Customer Analysis,C2,Clustered column,Customer revenue distribution — NZD,X: DimCustomer[Customer Names]; Y: [Total Revenue],824,312,592,256,"All selected customers, revenue DESC; category distribution, NOT a numeric histogram. Hide crowded axis labels; use tooltips."
Customer Analysis,C3,Line and clustered column,Customer Pareto — NZD,"X: DimCustomer[Customer Names]; Column Y: [Total Revenue]; Line Y: [Customer Pareto Cumulative Tied %], [Pareto 80% Target]",214,588,592,266,"All selected customers, NO Top N. Sort revenue DESC. Line secondary axis 0-1 formatted %. Tie-aware cumulative; final point 100%."
Customer Analysis,C4,Matrix,Customer by year — NZD,"Rows: DimCustomer[Customer Names]; Columns: DimDate[Year]; Values: [Total Revenue], [Customer Revenue Share %]",824,588,592,266,"Revenue data bars. Share is within year, not whole matrix grand total. Scroll allowed."
Geographic Analysis,G1,Azure Maps,Regional revenue — NZD,Location: DimRegion[Region Label]; Latitude: DimRegion[Latitude]; Longitude: DimRegion[Longitude]; Size: [Total Revenue],214,312,700,542,"Coordinates Do not summarize; marker/bubble size revenue; tooltip revenue, profit, margin, orders, full address. NZ geographic extent. Do not substitute aggregated city centroids."
Geographic Analysis,G2,Clustered bar,Top 10 regions — NZD,Y: DimRegion[Region Label]; X: [Total Revenue],932,312,484,256,Native visual Top N 10 by Total Revenue; no share/rank/Pareto denominator here. Revenue DESC; exact tie count not guaranteed.
Geographic Analysis,G3,Matrix,Region by channel — NZD,Rows: DimRegion[Region Label]; Columns: DimChannel[Channel]; Values: [Total Revenue],932,588,484,266,Keep all selected regions; optional city hierarchy before region label. Grand totals on.
Operations,O1,Matrix,Warehouse performance,"Rows: DimWarehouse[Warehouse Code]; Values: [Total Orders], [Total Revenue], [Average Lead Time], [Late Shipment %]",214,312,700,256,Warehouse metrics by ORDER date. Include conditional colors for late %; no invented target.
Operations,O2,Clustered column,Lead-time distribution by order date,X: FactSales[Lead Time (days)] (Do not summarize); Y: [Total Orders],932,312,484,256,"Sort lead days ASC. Numeric x bins are exact days, no synthetic column required."
Operations,O3,Line and clustered column,Late shipments by ship month,X: DimDate[Year Month]; Column Y: [Late Orders by Ship Date]; Line Y: [Late Shipment % by Ship Date],214,588,790,266,Secondary line axis 0-1 %. Order date drill-through disabled here. Use special ship-period target defined in guide.
Operations,O4,Clustered bar,Average lead time by warehouse,Y: DimWarehouse[Warehouse Code]; X: [Average Lead Time],1022,588,394,266,Order-date cohort; sort days DESC. Label calendar days.
Details,D1,Table,Order-level detail,Order Number; Order Date; Ship Date; Customer Names; Product Name; Region Label; Channel; Warehouse Code; Currency Code; Order Quantity; Unit Price; Total Unit Cost; Total Revenue; Total Cost; Profit; Lead Time (days); [Total Revenue]; [Total Cost]; [Total Profit],214,312,1202,542,Rename raw fields for this visual to Revenue/Cost/Profit (original); converted measures to Revenue/Cost/Profit (NZD). Raw fields Do not summarize; totals OFF to avoid mixed-currency sums. Horizontal scroll expected.
